Tea_ID,Tea_Type,Region,Site,Plot,Lat,Lon,Elevation,Initial,Burial,Recovery,Days,Season,Final,Label,Tea_init,Tea_final,Loss
1R,Rooibos,QHI,,FO,,,,2.6933,,,,Summer,2.2906,Yes,2.414,2.0114,0.17
1G,Green,QHI,,FO,,,,3.388,,,,Summer,1.8325,Yes,3.388,1.8325,0.46
1G,Green,QHI,,WET CONTROL,,,,,,,,Summer,2.0283,Yes,0.000,2.0283,#DIV/0!
2R,Rooibos,QHI,,FO,,,,2.629,,,,Summer,2.3151,Yes,2.629,2.3151,0.12
2G,Green,QHI,,FO,,,,3.3374,,,,Summer,1.7491,Yes,3.337,1.7491,0.48
Wet control G2,Green,QHI,,WET CONTROL,,,,,,,,Summer,1.9075,Yes,0.000,1.9075,#DIV/0!
Wet control R,Rooibos,QHI,,,,,,,,,,Summer,,Yes,0.000,0,#DIV/0!
3R,Rooibos,QHI,,FO,,,,2.6196,,,,Summer,2.2729,Yes,2.620,2.2729,0.13
3G,Green,QHI,,FO,,,,3.3514,,,,Summer,2.0162,Yes,3.351,2.0162,0.40
4R,Rooibos,QHI,,FO,,,,2.7035,,,,Summer,2.4443,Yes,2.704,2.4443,0.10
4G,Green,QHI,,FO,,,,3.3754,,,,Summer,2.1217,Yes,3.375,2.1217,0.37
5R,Rooibos,QHI,,FO,,,,2.8837,,,,Summer,2.3592,Yes,2.884,2.3592,0.18
5G,Green,QHI,,FO,,,,3.2124,,,,Summer,1.5834,Yes,3.212,1.5834,0.51
6R,Rooibos,QHI,,FO,,,,2.6143,,,,Summer,2.0993,Yes,2.614,2.0993,0.20
6G,Green,QHI,,FO,,,,3.261,,,,Summer,1.9363,Yes,3.261,1.9363,0.41
7R,Rooibos,QHI,,FO,,,,2.8176,,,,Summer,2.2306,Yes,2.818,2.2306,0.21
7G,Green,QHI,,FO,,,,3.4558,,,,Summer,1.9162,Yes,3.456,1.9162,0.45
8R,Rooibos,QHI,,FO,,,,2.7274,,,,Summer,2.4413,Yes,2.727,2.4413,0.10
8G,Green,QHI,,FO,,,,3.1968,,,,Summer,2.275,Yes,3.197,2.275,0.29
9R,Rooibos,QHI,,FO,,,,2.7458,,,,Summer,2.321,Yes,2.746,2.321,0.15
9G,Green,QHI,,FO,,,,3.3255,,,,Summer,2.1585,Yes,3.326,2.1585,0.35
10R,Rooibos,QHI,,FO,,,,2.8756,,,,Summer,2.5957,Yes,2.876,2.5957,0.10
10G,Green,QHI,,FO,,,,3.1987,,,,Summer,1.8489,Yes,3.199,1.8489,0.42
11R,Rooibos,QHI,,FO,,,,2.7609,,,,Summer,2.3235,Yes,2.761,2.3235,0.16
11G,Green,QHI,,FO,,,,3.294,,,,Summer,2.0406,Yes,3.294,2.0406,0.38
12R,Rooibos,QHI,,FO,,,,2.6144,,,,Summer,N/A,Yes,2.614,#VALUE!,#VALUE!
12G,Green,QHI,,FO,,,,3.2552,,,,Summer,2.0332,Yes,3.255,2.0332,0.38
13R,Rooibos,QHI,,FO,,,,2.7093,,,,Summer,2.2868,Yes,2.709,2.2868,0.16
13G,Green,QHI,,FO,,,,3.2028,,,,Summer,1.81,Yes,3.203,1.81,0.43
14R,Rooibos,QHI,,FO,,,,2.626,,,,Summer,2.1994,Yes,2.626,2.1994,0.16
14G,Green,QHI,,FO,,,,3.7583,,,,Summer,2.0155,Yes,3.758,2.0155,0.46
15R,Rooibos,QHI,,FO,,,,2.729,,,,Summer,N/A,Yes,2.729,#VALUE!,#VALUE!
15G,Green,QHI,,FO,,,,3.759,,,,Summer,2.4135,Yes,3.759,2.4135,0.36
16R,Rooibos,QHI,,FO,,,,2.7273,,,,Summer,2.2281,Yes,2.727,2.2281,0.18
16G,Green,QHI,,FO,,,,3.3488,,,,Summer,2.0227,Yes,3.349,2.0227,0.40
17R,Rooibos,QHI,,FO,,,,2.6702,,,,Summer,2.2691,Yes,2.670,2.2691,0.15
17G,Green,QHI,,FO,,,,3.4963,,,,Summer,2.2035,Yes,3.496,2.2035,0.37
18R,Rooibos,QHI,,FO,,,,2.6748,,,,Summer,2.1686,Yes,2.675,2.1686,0.19
18G,Green,QHI,,FO,,,,3.1296,,,,Summer,1.8862,Yes,3.130,1.8862,0.40
19R,Rooibos,QHI,,FO,,,,2.7118,,,,Summer,2.227,Yes,2.712,2.227,0.18
19G,Green,QHI,,FO,,,,3.5487,,,,Summer,1.9005,Yes,3.549,1.9005,0.46
20R,Rooibos,QHI,,FO,,,,2.6643,,,,Summer,2.2993,Yes,2.664,2.2993,0.14
20G,Green,QHI,,FO,,,,3.6105,,,,Summer,N/A,Yes,3.611,#VALUE!,#VALUE!
21R,Rooibos,QHI,,FO,,,,2.636,,,,Summer,2.2939,Yes,2.636,2.2939,0.13
21G,Green,QHI,,FO,,,,3.2813,,,,Summer,N/A,Yes,3.281,#VALUE!,#VALUE!
22R,Rooibos,QHI,,FO,,,,2.6865,,,,Summer,N/A,Yes,2.687,#VALUE!,#VALUE!
22G,Green,QHI,,FO,,,,3.1817,,,,Summer,N/A,Yes,3.182,#VALUE!,#VALUE!
23G,Green,QHI,,FO,,,,2.7102,,,,Summer,1.6865,Yes,2.710,1.6865,0.38
23R,Rooibos,QHI,,FO,,,,3.1176,,,,Summer,2.2234,Yes,3.118,2.2234,0.29
24R,Rooibos,QHI,,FO,,,,2.7756,,,,Summer,2.3622,Yes,2.776,2.3622,0.15
24G,Green,QHI,,FO,,,,3.3742,,,,Summer,2.1273,Yes,3.374,2.1273,0.37
25R,Rooibos,QHI,,DG,,,,2.7027,,,,Summer,N/A,Yes,2.703,#VALUE!,#VALUE!
25G,Green,QHI,,DG,,,,3.3842,,,,Summer,2.2702,Yes,3.384,2.2702,0.33
26R,Rooibos,QHI,,DG,,,,2.7292,,,,Summer,2.3398,Yes,2.729,2.3398,0.14
26G,Green,QHI,,DG,,,,3.1782,,,,Summer,2.0907,Yes,3.178,2.0907,0.34
27R,Rooibos,QHI,,DG,,,,2.6532,,,,Summer,N/A,Yes,2.653,#VALUE!,#VALUE!
27G,Green,QHI,,DG,,,,3.2688,,,,Summer,2.1717,Yes,3.269,2.1717,0.34
28R,Rooibos,QHI,,DG,,,,2.6846,,,,Summer,2.3079,Yes,2.685,2.3079,0.14
28G,Green,QHI,,DG,,,,3.1208,,,,Summer,1.8871,Yes,3.121,1.8871,0.40
29R,Rooibos,QHI,,DG,,,,2.7019,,,,Summer,2.3914,Yes,2.702,2.3914,0.11
29G,Green,QHI,,DG,,,,3.145,,,,Summer,2.0909,Yes,3.145,2.0909,0.34
30R,Rooibos,QHI,,DG,,,,2.6583,,,,Summer,2.3174,Yes,2.658,2.3174,0.13
30G,Green,QHI,,DG,,,,3.3156,,,,Summer,1.9268,Yes,3.316,1.9268,0.42
31R,Rooibos,QHI,,DG,,,,2.8803,,,,Summer,2.4597,Yes,2.880,2.4597,0.15
31G,Green,QHI,,DG,,,,3.2932,,,,Summer,2.098,Yes,3.293,2.098,0.36
32R,Rooibos,QHI,,DG,,,,2.9318,,,,Summer,2.5587,Yes,2.932,2.5587,0.13
32G,Green,QHI,,DG,,,,3.2067,,,,Summer,2.1515,Yes,3.207,2.1515,0.33
33R,Rooibos,QHI,,DG,,,,3.7033,,,,Summer,3.2122,Yes,3.703,3.2122,0.13
33G,Green,QHI,,DG,,,,3.4705,,,,Summer,2.3207,Yes,3.471,2.3207,0.33
34R,Rooibos,QHI,,DG,,,,2.9003,,,,Summer,2.4846,Yes,2.900,2.4846,0.14
34G,Green,QHI,,DG,,,,3.2619,,,,Summer,1.9501,Yes,3.262,1.9501,0.40
35R,Rooibos,QHI,,DG,,,,2.6604,,,,Summer,2.2976,Yes,2.660,2.2976,0.14
35G,Green,QHI,,DG,,,,3.3295,,,,Summer,2.1302,Yes,3.330,2.1302,0.36
36R,Rooibos,QHI,,DG,,,,2.7618,,,,Summer,2.4408,Yes,2.762,2.4408,0.12
36G,Green,QHI,,DG,,,,3.2137,,,,Summer,2.1712,Yes,3.214,2.1712,0.32
37R,Rooibos,QHI,,DG,,,,3.1919,,,,Summer,2.7387,Yes,3.192,2.7387,0.14
37G,Green,QHI,,DG,,,,3.2373,,,,Summer,2.1712,Yes,3.237,2.1712,0.33
38R,Rooibos,QHI,,DG,,,,3.0552,,,,Summer,2.563,Yes,3.055,2.563,0.16
38G,Green,QHI,,DG,,,,3.2458,,,,Summer,N/A,Yes,3.246,#VALUE!,#VALUE!
39R,Rooibos,QHI,,DG,,,,2.7322,,,,Summer,2.4259,Yes,2.732,2.4259,0.11
39G,Green,QHI,,DG,,,,3.2479,,,,Summer,2.1881,Yes,3.248,2.1881,0.33
40R,Rooibos,QHI,,DG,,,,2.7576,,,,Summer,2.3427,Yes,2.758,2.3427,0.15
40G,Green,QHI,,DG,,,,3.1767,,,,Summer,N/A,Yes,3.177,#VALUE!,#VALUE!
41R,Rooibos,QHI,,DG,,,,2.626,,,,Summer,2.2381,Yes,2.626,2.2381,0.15
41G,Green,QHI,,DG,,,,3.4915,,,,Summer,2.3378,Yes,3.492,2.3378,0.33
42R,Rooibos,QHI,,DG,,,,2.8559,,,,Summer,2.5242,Yes,2.856,2.5242,0.12
42G,Green,QHI,,DG,,,,3.2336,,,,Summer,N/A,Yes,3.234,#VALUE!,#VALUE!
43R,Rooibos,QHI,,DG,,,,2.6093,,,,Summer,2.2282,Yes,2.609,2.2282,0.15
43G,Green,QHI,,DG,,,,3.3606,,,,Summer,2.1292,Yes,3.361,2.1292,0.37
44R,Rooibos,QHI,,DG,,,,2.7242,,,,Summer,2.4142,Yes,2.724,2.4142,0.11
44G,Green,QHI,,DG,,,,3.524,,,,Summer,2.5129,Yes,3.524,2.5129,0.29
45R,Rooibos,QHI,,DG,,,,3.0597,,,,Summer,N/A,Yes,3.060,#VALUE!,#VALUE!
45G,Green,QHI,,DG,,,,3.5881,,,,Summer,N/A,Yes,3.588,#VALUE!,#VALUE!
46R,Rooibos,QHI,,DG,,,,2.6945,,,,Summer,2.3144,Yes,2.695,2.3144,0.14
46G,Green,QHI,,DG,,,,3.4434,,,,Summer,2.1669,Yes,3.443,2.1669,0.37
47R,Rooibos,QHI,,DG,,,,2.6766,,,,Summer,2.4483,Yes,2.677,2.4483,0.09
47G,Green,QHI,,DG,,,,3.4215,,,,Summer,2.3535,Yes,3.422,2.3535,0.31
48R,Rooibos,QHI,,DG,,,,2.8514,,,,Summer,2.5523,Yes,2.851,2.5523,0.10
48G,Green,QHI,,DG,,,,3.4292,,,,Summer,2.3021,Yes,3.429,2.3021,0.33
49R,Rooibos,QHI,,FP,,,,2.6054,,,,Summer,2.2516,Yes,2.605,2.2516,0.14
49G,Green,QHI,,FP,,,,3.2452,,,,Summer,2.0012,Yes,3.245,2.0012,0.38
50R,Rooibos,QHI,,FP,,,,2.7128,,,,Summer,2.3503,Yes,2.713,2.3503,0.13
50G,Green,QHI,,FP,,,,3.6508,,,,Summer,2.3819,Yes,3.651,2.3819,0.35
51R,Rooibos,QHI,,FP,,,,2.7255,,,,Summer,N/A,Yes,2.726,#VALUE!,#VALUE!
51G,Green,QHI,,FP,,,,3.6743,,,,Summer,N/A,Yes,3.674,#VALUE!,#VALUE!
52R,Rooibos,QHI,,FP,,,,2.6403,,,,Summer,N/A,Yes,2.640,#VALUE!,#VALUE!
52G,Green,QHI,,FP,,,,3.4884,,,,Summer,2.1864,Yes,3.488,2.1864,0.37
53R,Rooibos,QHI,,FP,,,,2.7272,,,,Summer,2.4553,Yes,2.727,2.4553,0.10
53G,Green,QHI,,FP,,,,3.2308,,,,Summer,1.9159,Yes,3.231,1.9159,0.41
54R,Rooibos,QHI,,FP,,,,2.7749,,,,Summer,2.45,Yes,2.775,2.45,0.12
54G,Green,QHI,,FP,,,,3.6845,,,,Summer,2.219,Yes,3.685,2.219,0.40
55R,Rooibos,QHI,,FP,,,,2.6862,,,,Summer,2.3974,Yes,2.686,2.3974,0.11
55G,Green,QHI,,FP,,,,3.3071,,,,Summer,2.0587,Yes,3.307,2.0587,0.38
56R,Rooibos,QHI,,FP,,,,2.6965,,,,Summer,2.4214,Yes,2.697,2.4214,0.10
56G,Green,QHI,,FP,,,,3.1845,,,,Summer,N/A,Yes,3.185,#VALUE!,#VALUE!
57R,Rooibos,QHI,,FP,,,,2.8346,,,,Summer,2.4725,Yes,2.835,2.4725,0.13
57G,Green,QHI,,FP,,,,3.4614,,,,Summer,N/A,Yes,3.461,#VALUE!,#VALUE!
58R,Rooibos,QHI,,FP,,,,2.565,,,,Summer,2.2015,Yes,2.565,2.2015,0.14
58G,Green,QHI,,FP,,,,3.3265,,,,Summer,2.6856,Yes,3.327,2.6856,0.19
59R,Rooibos,QHI,,FP,,,,2.6507,,,,Summer,2.3267,Yes,2.651,2.3267,0.12
59G,Green,QHI,,FP,,,,3.1338,,,,Summer,1.7667,Yes,3.134,1.7667,0.44
60R,Rooibos,QHI,,FP,,,,2.7175,,,,Summer,2.3827,Yes,2.718,2.3827,0.12
60G,Green,QHI,,FP,,,,3.3083,,,,Summer,2.0889,Yes,3.308,2.0889,0.37
61R,Rooibos,QHI,,FP,,,,2.8468,,,,Summer,2.434,Yes,2.847,2.434,0.15
61G,Green,QHI,,FP,,,,3.2658,,,,Summer,2.274,Yes,3.266,2.274,0.30
62R,Rooibos,QHI,,FP,,,,2.7207,,,,Summer,2.4468,Yes,2.721,2.4468,0.10
62G,Green,QHI,,FP,,,,3.4971,,,,Summer,2.3135,Yes,3.497,2.3135,0.34
63R,Rooibos,QHI,,FP,,,,2.744,,,,Summer,2.4138,Yes,2.744,2.4138,0.12
63G,Green,QHI,,FP,,,,3.1462,,,,Summer,1.9791,Yes,3.146,1.9791,0.37
64R,Rooibos,QHI,,FP,,,,2.8737,,,,Summer,2.5577,Yes,2.874,2.5577,0.11
64G,Green,QHI,,FP,,,,3.195,,,,Summer,1.977,Yes,3.195,1.977,0.38
65R,Rooibos,QHI,,FP,,,,2.7369,,,,Summer,2.3931,Yes,2.737,2.3931,0.13
65G,Green,QHI,,FP,,,,3.1847,,,,Summer,2.0233,Yes,3.185,2.0233,0.36
66R,Rooibos,QHI,,FP,,,,2.6561,,,,Summer,2.3658,Yes,2.656,2.3658,0.11
66G,Green,QHI,,FP,,,,3.0914,,,,Summer,2.3866,Yes,3.091,2.3866,0.23
67R,Rooibos,QHI,,FP,,,,2.7074,,,,Summer,N/A,Yes,2.707,#VALUE!,#VALUE!
67G,Green,QHI,,FP,,,,3.6038,,,,Summer,2.5113,Yes,3.604,2.5113,0.30
68R,Rooibos,QHI,,FP,,,,2.7077,,,,Summer,2.4151,Yes,2.708,2.4151,0.11
68G,Green,QHI,,FP,,,,3.146,,,,Summer,2.163,Yes,3.146,2.163,0.31
69R,Rooibos,QHI,,FP,,,,2.9203,,,,Summer,N/A,Yes,2.920,#VALUE!,#VALUE!
69G,Green,QHI,,FP,,,,3.1344,,,,Summer,N/A,Yes,3.134,#VALUE!,#VALUE!
70R,Rooibos,QHI,,FP,,,,2.9496,,,,Summer,N/A,Yes,2.950,#VALUE!,#VALUE!
70G,Green,QHI,,FP,,,,3.2257,,,,Summer,N/A,Yes,3.226,#VALUE!,#VALUE!
71R,Rooibos,QHI,,FP,,,,2.8489,,,,Summer,2.4122,Yes,2.849,2.4122,0.15
71G,Green,QHI,,FP,,,,3.6931,,,,Summer,2.0118,Yes,3.693,2.0118,0.46
72R,Rooibos,QHI,,FP,,,,2.6823,,,,Summer,N/A,Yes,2.682,#VALUE!,#VALUE!
72G,Green,QHI,,FP,,,,3.0287,,,,Summer,N/A,Yes,3.029,#VALUE!,#VALUE!
73R,Rooibos,QHI,,ECN,,,,2.7862,,,,Summer,2.4372,Yes,2.786,2.4372,0.13
73G,Green,QHI,,ECN,,,,3.1585,,,,Summer,2.065,Yes,3.159,2.065,0.35
74R,Rooibos,QHI,,ECN,,,,2.7422,,,,Summer,2.2735,Yes,2.742,2.2735,0.17
74G,Green,QHI,,ECN,,,,3.1683,,,,Summer,1.4973,Yes,3.168,1.4973,0.53
75R,Rooibos,QHI,,ECN,,,,2.7868,,,,Summer,2.2933,Yes,2.787,2.2933,0.18
75G,Green,QHI,,ECN,,,,3.4501,,,,Summer,2.073,Yes,3.450,2.073,0.40
76R,Rooibos,QHI,,ECN,,,,2.8324,,,,Summer,2.3433,Yes,2.832,2.3433,0.17
76G,Green,QHI,,ECN,,,,3.755,,,,Summer,2.2645,Yes,3.755,2.2645,0.40
77R,Rooibos,QHI,,ECN,,,,2.7497,,,,Summer,2.3948,Yes,2.750,2.3948,0.13
77G,Green,QHI,,ECN,,,,3.2927,,,,Summer,2.1435,Yes,3.293,2.1435,0.35
78R,Rooibos,QHI,,ECN,,,,2.6436,,,,Summer,2.2599,Yes,2.644,2.2599,0.15
78G,Green,QHI,,ECN,,,,3.3187,,,,Summer,2.0327,Yes,3.319,2.0327,0.39
79R,Rooibos,QHI,,ECN,,,,2.5933,,,,Summer,2.2304,Yes,2.593,2.2304,0.14
79G,Green,QHI,,ECN,,,,3.2795,,,,Summer,2.0924,Yes,3.280,2.0924,0.36
80R,Rooibos,QHI,,ECN,,,,2.6242,,,,Summer,2.1866,Yes,2.624,2.1866,0.17
80G,Green,QHI,,ECN,,,,3.333,,,,Summer,2.0879,Yes,3.333,2.0879,0.37
81R,Rooibos,QHI,,ECN,,,,2.6964,,,,Summer,2.2107,Yes,2.696,2.2107,0.18
81G,Green,QHI,,ECN,,,,3.1839,,,,Summer,1.9727,Yes,3.184,1.9727,0.38
82R,Rooibos,QHI,,ECN,,,,2.7388,,,,Summer,2.2773,Yes,2.739,2.2773,0.17
82G,Green,QHI,,ECN,,,,3.6332,,,,Summer,2.3774,Yes,3.633,2.3774,0.35
83R,Rooibos,QHI,,ECN,,,,2.7001,,,,Summer,2.3721,Yes,2.700,2.3721,0.12
83G,Green,QHI,,ECN,,,,3.3152,,,,Summer,2.1475,Yes,3.315,2.1475,0.35
84R,Rooibos,QHI,,ECN,,,,2.6739,,,,Summer,2.4016,Yes,2.674,2.4016,0.10
84G,Green,QHI,,ECN,,,,3.2059,,,,Summer,2.0793,Yes,3.206,2.0793,0.35
85R,Rooibos,QHI,,ECN,,,,2.8079,,,,Summer,2.3875,Yes,2.808,2.3875,0.15
85G,Green,QHI,,ECN,,,,3.2605,,,,Summer,2.0465,Yes,3.261,2.0465,0.37
86R,Rooibos,QHI,,ECN,,,,2.7558,,,,Summer,2.4053,Yes,2.756,2.4053,0.13
86G,Green,QHI,,ECN,,,,3.2784,,,,Summer,1.9622,Yes,3.278,1.9622,0.40
87R,Rooibos,QHI,,ECN,,,,2.5405,,,,Summer,2.166,Yes,2.541,2.166,0.15
87G,Green,QHI,,ECN,,,,3.3176,,,,Summer,2.2917,Yes,3.318,2.2917,0.31
88R,Rooibos,QHI,,ECN,,,,2.5867,,,,Summer,2.2586,Yes,2.587,2.2586,0.13
88G,Green,QHI,,ECN,,,,3.5873,,,,Summer,2.338,Yes,3.587,2.338,0.35
89R,Rooibos,QHI,,ECN,,,,2.7398,,,,Summer,2.232,Yes,2.740,2.232,0.19
89G,Green,QHI,,ECN,,,,3.5954,,,,Summer,2.4647,Yes,3.595,2.4647,0.31
90R,Rooibos,QHI,,ECN,,,,2.6543,,,,Summer,2.2714,Yes,2.654,2.2714,0.14
90G,Green,QHI,,ECN,,,,3.2466,,,,Summer,2.1203,Yes,3.247,2.1203,0.35
91R,Rooibos,QHI,,ECN,,,,2.7067,,,,Summer,2.4293,Yes,2.707,2.4293,0.10
91G,Green,QHI,,ECN,,,,3.2462,,,,Summer,2.2358,Yes,3.246,2.2358,0.31
92R,Rooibos,QHI,,ECN,,,,2.74,,,,Summer,2.3432,Yes,2.740,2.3432,0.14
92G,Green,QHI,,ECN,,,,3.6983,,,,Summer,2.2545,Yes,3.698,2.2545,0.39
93R,Rooibos,QHI,,ECN,,,,2.6923,,,,Summer,2.3554,Yes,2.692,2.3554,0.13
93G,Green,QHI,,ECN,,,,3.4296,,,,Summer,2.2647,Yes,3.430,2.2647,0.34
94R,Rooibos,QHI,,ECN,,,,2.6242,,,,Summer,2.3106,Yes,2.624,2.3106,0.12
94G,Green,QHI,,ECN,,,,3.3744,,,,Summer,2.1025,Yes,3.374,2.1025,0.38
95R,Rooibos,QHI,,ECN,,,,2.7421,,,,Summer,2.2054,Yes,2.742,2.2054,0.20
95G,Green,QHI,,ECN,,,,3.4109,,,,Summer,1.6835,Yes,3.411,1.6835,0.51
96R,Rooibos,QHI,,ECN,,,,2.6995,,,,Summer,2.4095,Yes,2.700,2.4095,0.11
96G,Green,QHI,,ECN,,,,3.8263,,,,Summer,2.3847,Yes,3.826,2.3847,0.38
97R,Rooibos,QHI,,ECS,,,,2.6942,,,,Summer,2.3154,Yes,2.694,2.3154,0.14
97G,Green,QHI,,ECS,,,,3.2806,,,,Summer,2.0019,Yes,3.281,2.0019,0.39
98R,Rooibos,QHI,,ECS,,,,2.6764,,,,Summer,2.2434,Yes,2.676,2.2434,0.16
98G,Green,QHI,,ECS,,,,3.3687,,,,Summer,2.0787,Yes,3.369,2.0787,0.38
99R,Rooibos,QHI,,ECS,,,,2.6587,,,,Summer,2.3625,Yes,2.659,2.3625,0.11
99G,Green,QHI,,ECS,,,,3.3014,,,,Summer,2.1901,Yes,3.301,2.1901,0.34
100R,Rooibos,QHI,,ECS,,,,2.6453,,,,Summer,2.3481,Yes,2.645,2.3481,0.11
100G,Green,QHI,,ECS,,,,3.6051,,,,Summer,2.3228,Yes,3.605,2.3228,0.36
101R,Rooibos,QHI,,ECS,,,,2.755,,,,Summer,2.3693,Yes,2.755,2.3693,0.14
101G,Green,QHI,,ECS,,,,3.2655,,,,Summer,1.9591,Yes,3.266,1.9591,0.40
102R,Rooibos,QHI,,ECS,,,,2.7605,,,,Summer,2.3893,Yes,2.761,2.3893,0.13
102G,Green,QHI,,ECS,,,,3.2012,,,,Summer,2.0435,Yes,3.201,2.0435,0.36
103R,Rooibos,QHI,,ECS,,,,2.6333,,,,Summer,N/A,Yes,2.633,#VALUE!,#VALUE!
103G,Green,QHI,,ECS,,,,3.2156,,,,Summer,2.0732,Yes,3.216,2.0732,0.36
104R,Rooibos,QHI,,ECS,,,,2.6964,,,,Summer,2.3565,Yes,2.696,2.3565,0.13
104G,Green,QHI,,ECS,,,,3.6364,,,,Summer,2.409,Yes,3.636,2.409,0.34
105R,Rooibos,QHI,,ECS,,,,2.7189,,,,Summer,2.4132,Yes,2.719,2.4132,0.11
105G,Green,QHI,,ECS,,,,3.2026,,,,Summer,1.9394,Yes,3.203,1.9394,0.39
106R,Rooibos,QHI,,ECS,,,,2.8423,,,,Summer,2.3235,Yes,2.842,2.3235,0.18
106G,Green,QHI,,ECS,,,,3.2346,,,,Summer,1.9713,Yes,3.235,1.9713,0.39
107R,Rooibos,QHI,,ECS,,,,2.7003,,,,Summer,2.2736,Yes,2.700,2.2736,0.16
107G,Green,QHI,,ECS,,,,3.5172,,,,Summer,2.1962,Yes,3.517,2.1962,0.38
108R,Rooibos,QHI,,ECS,,,,2.8693,,,,Summer,N/A,Yes,2.869,#VALUE!,#VALUE!
108G,Green,QHI,,ECS,,,,3.2261,,,,Summer,1.9603,Yes,3.226,1.9603,0.39
109R,Rooibos,QHI,,ECS,,,,2.8622,,,,Summer,2.4541,Yes,2.862,2.4541,0.14
109G,Green,QHI,,ECS,,,,3.3182,,,,Summer,2.1777,Yes,3.318,2.1777,0.34
110R,Rooibos,QHI,,ECS,,,,2.7909,,,,Summer,N/A,Yes,2.791,#VALUE!,#VALUE!
110G,Green,QHI,,ECS,,,,3.3061,,,,Summer,2.2197,Yes,3.306,2.2197,0.33
111R,Rooibos,QHI,,ECS,,,,2.6618,,,,Summer,2.3008,Yes,2.662,2.3008,0.14
111G,Green,QHI,,ECS,,,,3.4731,,,,Summer,2.1108,Yes,3.473,2.1108,0.39
112R,Rooibos,QHI,,ECS,,,,2.7536,,,,Summer,2.4169,Yes,2.754,2.4169,0.12
112G,Green,QHI,,ECS,,,,3.5053,,,,Summer,2.2339,Yes,3.505,2.2339,0.36
113R,Rooibos,QHI,,ECS,,,,2.7806,,,,Summer,2.4227,Yes,2.781,2.4227,0.13
113G,Green,QHI,,ECS,,,,3.2323,,,,Summer,2.1403,Yes,3.232,2.1403,0.34
114R,Rooibos,QHI,,ECS,,,,2.824,,,,Summer,2.4445,Yes,2.824,2.4445,0.13
114G,Green,QHI,,ECS,,,,3.2198,,,,Summer,2.074,Yes,3.220,2.074,0.36
115R,Rooibos,QHI,,ECS,,,,2.7079,,,,Summer,2.3715,Yes,2.708,2.3715,0.12
115G,Green,QHI,,ECS,,,,3.1665,,,,Summer,1.9619,Yes,3.167,1.9619,0.38
116R,Rooibos,QHI,,ECS,,,,2.6254,,,,Summer,2.2884,Yes,2.625,2.2884,0.13
116G,Green,QHI,,ECS,,,,3.4353,,,,Summer,2.0693,Yes,3.435,2.0693,0.40
117R,Rooibos,QHI,,ECS,,,,2.6379,,,,Summer,2.3538,Yes,2.638,2.3538,0.11
117G,Green,QHI,,ECS,,,,3.3254,,,,Summer,1.8358,Yes,3.325,1.8358,0.45
118R,Rooibos,QHI,,ECS,,,,2.7345,,,,Summer,2.4582,Yes,2.735,2.4582,0.10
118G,Green,QHI,,ECS,,,,3.2765,,,,Summer,1.945,Yes,3.277,1.945,0.41
119R,Rooibos,QHI,,ECS,,,,2.8232,,,,Summer,2.5028,Yes,2.823,2.5028,0.11
119G,Green,QHI,,ECS,,,,3.7894,,,,Summer,N/A,Yes,3.789,#VALUE!,#VALUE!
120R,Rooibos,QHI,,ECS,,,,2.7154,,,,Summer,2.4274,Yes,2.715,2.4274,0.11
120G,Green,QHI,,ECS,,,,3.3252,,,,Summer,2.0813,Yes,3.325,2.0813,0.37
121R,Rooibos,QHI,,ECW,,,,2.7151,,,,Summer,2.2093,Yes,2.715,2.2093,0.19
121G,Green,QHI,,ECW,,,,3.4336,,,,Summer,2.2187,Yes,3.434,2.2187,0.35
122R,Rooibos,QHI,,ECW,,,,2.6793,,,,Summer,2.3464,Yes,2.679,2.3464,0.12
122G,Green,QHI,,ECW,,,,3.1757,,,,Summer,2.0649,Yes,3.176,2.0649,0.35
123R,Rooibos,QHI,,ECW,,,,2.7569,,,,Summer,2.3346,Yes,2.757,2.3346,0.15
123G,Green,QHI,,ECW,,,,3.0302,,,,Summer,1.9666,Yes,3.030,1.9666,0.35
124R,Rooibos,QHI,,ECW,,,,2.8243,,,,Summer,2.4074,Yes,2.824,2.4074,0.15
124G,Green,QHI,,ECW,,,,3.053,,,,Summer,1.889,Yes,3.053,1.889,0.38
125R,Rooibos,QHI,,ECW,,,,2.6115,,,,Summer,2.1922,Yes,2.612,2.1922,0.16
125G,Green,QHI,,ECW,,,,2.975,,,,Summer,1.9905,Yes,2.975,1.9905,0.33
126R,Rooibos,QHI,,ECW,,,,2.9237,,,,Summer,2.8003,Yes,2.924,2.8003,0.04
126G,Green,QHI,,ECW,,,,2.963,,,,Summer,1.6079,Yes,2.963,1.6079,0.46
127R,Rooibos,QHI,,ECW,,,,2.8908,,,,Summer,2.4474,Yes,2.891,2.4474,0.15
127G,Green,QHI,,ECW,,,,2.9848,,,,Summer,1.9089,Yes,2.985,1.9089,0.36
128R,Rooibos,QHI,,ECW,,,,2.6485,,,,Summer,2.2902,Yes,2.649,2.2902,0.14
128G,Green,QHI,,ECW,,,,3.1119,,,,Summer,1.9735,Yes,3.112,1.9735,0.37
129R,Rooibos,QHI,,ECW,,,,2.9107,,,,Summer,2.5222,Yes,2.911,2.5222,0.13
129G,Green,QHI,,ECW,,,,3.3522,,,,Summer,2.0437,Yes,3.352,2.0437,0.39
130R,Rooibos,QHI,,ECW,,,,2.7697,,,,Summer,2.3618,Yes,2.770,2.3618,0.15
130G,Green,QHI,,ECW,,,,3.0754,,,,Summer,1.9537,Yes,3.075,1.9537,0.36
131R,Rooibos,QHI,,ECW,,,,2.6305,,,,Summer,2.2129,Yes,2.631,2.2129,0.16
131G,Green,QHI,,ECW,,,,3.099,,,,Summer,1.9465,Yes,3.099,1.9465,0.37
132R,Rooibos,QHI,,ECW,,,,2.7785,,,,Summer,2.3659,Yes,2.779,2.3659,0.15
132G,Green,QHI,,ECW,,,,3.0446,,,,Summer,1.8988,Yes,3.045,1.8988,0.38
133R,Rooibos,QHI,,ECW,,,,2.7662,,,,Summer,2.2945,Yes,2.766,2.2945,0.17
133G,Green,QHI,,ECW,,,,3.3654,,,,Summer,2.2413,Yes,3.365,2.2413,0.33
134R,Rooibos,QHI,,ECW,,,,2.8504,,,,Summer,2.517,Yes,2.850,2.517,0.12
134G,Green,QHI,,ECW,,,,3.0011,,,,Summer,1.9245,Yes,3.001,1.9245,0.36
135R,Rooibos,QHI,,ECW,,,,2.7901,,,,Summer,2.3633,Yes,2.790,2.3633,0.15
135G,Green,QHI,,ECW,,,,3.1215,,,,Summer,1.9306,Yes,3.122,1.9306,0.38
136R,Rooibos,QHI,,ECW,,,,2.6966,,,,Summer,2.1843,Yes,2.697,2.1843,0.19
136G,Green,QHI,,ECW,,,,3.2004,,,,Summer,1.9389,Yes,3.200,1.9389,0.39
137R,Rooibos,QHI,,ECW,,,,2.7854,,,,Summer,2.3603,Yes,2.785,2.3603,0.15
137G,Green,QHI,,ECW,,,,3.2545,,,,Summer,2.1055,Yes,3.255,2.1055,0.35
138R,Rooibos,QHI,,ECW,,,,2.6745,,,,Summer,2.2855,Yes,2.675,2.2855,0.15
138G,Green,QHI,,ECW,,,,3.0717,,,,Summer,2.0684,Yes,3.072,2.0684,0.33
139R,Rooibos,QHI,,ECW,,,,2.6669,,,,Summer,2.2692,Yes,2.667,2.2692,0.15
139G,Green,QHI,,ECW,,,,3.2656,,,,Summer,1.9937,Yes,3.266,1.9937,0.39
140R,Rooibos,QHI,,ECW,,,,2.7352,,,,Summer,2.3088,Yes,2.735,2.3088,0.16
140G,Green,QHI,,ECW,,,,3.2831,,,,Summer,2.1063,Yes,3.283,2.1063,0.36
141R,Rooibos,QHI,,ECW,,,,2.7509,,,,Summer,2.4067,Yes,2.751,2.4067,0.13
141G,Green,QHI,,ECW,,,,4.6584,,,,Summer,2.9417,Yes,4.658,2.9417,0.37
142R,Rooibos,QHI,,ECW,,,,2.7488,,,,Summer,2.3092,Yes,2.749,2.3092,0.16
142G,Green,QHI,,ECW,,,,3.5362,,,,Summer,2.2388,Yes,3.536,2.2388,0.37
143R,Rooibos,QHI,,ECW,,,,2.7266,,,,Summer,2.3635,Yes,2.727,2.3635,0.13
143G,Green,QHI,,ECW,,,,3.0539,,,,Summer,1.9528,Yes,3.054,1.9528,0.36
144R,Rooibos,QHI,,ECW,,,,2.7859,,,,Summer,2.3733,Yes,2.786,2.3733,0.15
144G,Green,QHI,,ECW,,,,3.4703,,,,Summer,2.2657,Yes,3.470,2.2657,0.35
145R,Rooibos,QHI,,CHKO,,,,2.7131,,,,Summer,2.3296,Yes,2.713,2.3296,0.14
145G,Green,QHI,,CHKO,,,,3.5866,,,,Summer,N/A,Yes,3.587,#VALUE!,#VALUE!
146R,Rooibos,QHI,,CHKO,,,,2.7064,,,,Summer,2.3297,Yes,2.706,2.3297,0.14
146G,Green,QHI,,CHKO,,,,3.4715,,,,Summer,2.1482,Yes,3.472,2.1482,0.38
147R,Rooibos,QHI,,CHKO,,,,2.6265,,,,Summer,2.2482,Yes,2.627,2.2482,0.14
147G,Green,QHI,,CHKO,,,,3.1055,,,,Summer,1.9119,Yes,3.106,1.9119,0.38
148R,Rooibos,QHI,,CHKO,,,,2.9648,,,,Summer,2.5152,Yes,2.965,2.5152,0.15
148G,Green,QHI,,CHKO,,,,3.827,,,,Summer,2.4303,Yes,3.827,2.4303,0.36
149R,Rooibos,QHI,,CHKO,,,,2.6501,,,,Summer,2.2728,Yes,2.650,2.2728,0.14
149G,Green,QHI,,CHKO,,,,3.6751,,,,Summer,2.3921,Yes,3.675,2.3921,0.35
150R,Rooibos,QHI,,CHKO,,,,2.5872,,,,Summer,N/A,Yes,2.587,#VALUE!,#VALUE!
150G,Green,QHI,,CHKO,,,,3.0433,,,,Summer,2.0633,Yes,3.043,2.0633,0.32
151R,Rooibos,QHI,,CHKO,,,,2.7178,,,,Summer,2.3752,Yes,2.718,2.3752,0.13
151G,Green,QHI,,CHKO,,,,3.2055,,,,Summer,2.0753,Yes,3.206,2.0753,0.35
152R,Rooibos,QHI,,CHKO,,,,2.678,,,,Summer,2.3405,Yes,2.678,2.3405,0.13
152G,Green,QHI,,CHKO,,,,4.3516,,,,Summer,2.7463,Yes,4.352,2.7463,0.37
153R,Rooibos,QHI,,CHKO,,,,2.7279,,,,Summer,2.341,Yes,2.728,2.341,0.14
153G,Green,QHI,,CHKO,,,,3.5076,,,,Summer,2.2331,Yes,3.508,2.2331,0.36
154R,Rooibos,QHI,,CHKO,,,,2.6713,,,,Summer,2.2755,Yes,2.671,2.2755,0.15
154G,Green,QHI,,CHKO,,,,3.4026,,,,Summer,2.0892,Yes,3.403,2.0892,0.39
155R,Rooibos,QHI,,CHKO,,,,2.7303,,,,Summer,2.3441,Yes,2.730,2.3441,0.14
155G,Green,QHI,,CHKO,,,,3.5944,,,,Summer,2.2106,Yes,3.594,2.2106,0.38
156R,Rooibos,QHI,,CHKO,,,,2.6172,,,,Summer,N/A,Yes,2.617,#VALUE!,#VALUE!
156G,Green,QHI,,CHKO,,,,3.1872,,,,Summer,2.0822,Yes,3.187,2.0822,0.35
157R,Rooibos,QHI,,CHKO,,,,2.9289,,,,Summer,2.562,Yes,2.929,2.562,0.13
157G,Green,QHI,,CHKO,,,,3.2419,,,,Summer,1.9015,Yes,3.242,1.9015,0.41
158R,Rooibos,QHI,,CHKO,,,,2.6292,,,,Summer,2.2313,Yes,2.629,2.2313,0.15
158G,Green,QHI,,CHKO,,,,4.0381,,,,Summer,2.6874,Yes,4.038,2.6874,0.33
159R,Rooibos,QHI,,CHKO,,,,2.5935,,,,Summer,2.2827,Yes,2.594,2.2827,0.12
159G,Green,QHI,,CHKO,,,,3.0541,,,,Summer,1.9314,Yes,3.054,1.9314,0.37
160R,Rooibos,QHI,,CHKO,,,,2.7199,,,,Summer,2.3732,Yes,2.720,2.3732,0.13
160G,Green,QHI,,CHKO,,,,3.7268,,,,Summer,2.2871,Yes,3.727,2.2871,0.39
161R,Rooibos,QHI,,CHKO,,,,2.6854,,,,Summer,2.3271,Yes,2.685,2.3271,0.13
161G,Green,QHI,,CHKO,,,,3.2108,,,,Summer,N/A,Yes,3.211,#VALUE!,#VALUE!
162R,Rooibos,QHI,,CHKO,,,,2.6345,,,,Summer,2.202,Yes,2.635,2.202,0.16
162G,Green,QHI,,CHKO,,,,3.152,,,,Summer,1.8952,Yes,3.152,1.8952,0.40
163R,Rooibos,QHI,,CHKO,,,,2.7651,,,,Summer,2.3866,Yes,2.765,2.3866,0.14
163G,Green,QHI,,CHKO,,,,3.1274,,,,Summer,1.9438,Yes,3.127,1.9438,0.38
164R,Rooibos,QHI,,CHKO,,,,2.6798,,,,Summer,2.1969,Yes,2.680,2.1969,0.18
164G,Green,QHI,,CHKO,,,,3.2971,,,,Summer,1.9295,Yes,3.297,1.9295,0.41
165R,Rooibos,QHI,,CHKO,,,,2.7969,,,,Summer,2.4359,Yes,2.797,2.4359,0.13
165G,Green,QHI,,CHKO,,,,3.5972,,,,Summer,2.1828,Yes,3.597,2.1828,0.39
166R,Rooibos,QHI,,CHKO,,,,2.6549,,,,Summer,2.305,Yes,2.655,2.305,0.13
166G,Green,QHI,,CHKO,,,,3.3232,,,,Summer,2.1078,Yes,3.323,2.1078,0.37
167R,Rooibos,QHI,,CHKO,,,,2.6594,,,,Summer,2.3005,Yes,2.659,2.3005,0.13
167G,Green,QHI,,CHKO,,,,3.374,,,,Summer,2.1068,Yes,3.374,2.1068,0.38
168R,Rooibos,QHI,,CHKO,,,,2.6803,,,,Summer,2.2921,Yes,2.680,2.2921,0.14
168G,Green,QHI,,CHKO,,,,3.6535,,,,Summer,2.1872,Yes,3.654,2.1872,0.40
169R,Rooibos,QHI,,CHHE,,,,2.6985,,,,Summer,2.3578,Yes,2.699,2.3578,0.13
169G,Green,QHI,,CHHE,,,,3.421,,,,Summer,2.2453,Yes,3.421,2.2453,0.34
170R,Rooibos,QHI,,CHHE,,,,2.7546,,,,Summer,2.4063,Yes,2.755,2.4063,0.13
170G,Green,QHI,,CHHE,,,,3.1297,,,,Summer,1.9608,Yes,3.130,1.9608,0.37
171R,Rooibos,QHI,,CHHE,,,,2.7184,,,,Summer,2.3509,Yes,2.718,2.3509,0.14
171G,Green,QHI,,CHHE,,,,3.2863,,,,Summer,2.0439,Yes,3.286,2.0439,0.38
172R,Rooibos,QHI,,CHHE,,,,2.7588,,,,Summer,2.4662,Yes,2.759,2.4662,0.11
172G,Green,QHI,,CHHE,,,,3.2072,,,,Summer,2.0744,Yes,3.207,2.0744,0.35
173R,Rooibos,QHI,,CHHE,,,,2.6253,,,,Summer,2.33,Yes,2.625,2.33,0.11
173G,Green,QHI,,CHHE,,,,3.3824,,,,Summer,2.0975,Yes,3.382,2.0975,0.38
174R,Rooibos,QHI,,CHHE,,,,2.7215,,,,Summer,2.4506,Yes,2.722,2.4506,0.10
174G,Green,QHI,,CHHE,,,,3.5716,,,,Summer,2.1776,Yes,3.572,2.1776,0.39
175R,Rooibos,QHI,,CHHE,,,,2.6854,,,,Summer,2.369,Yes,2.685,2.369,0.12
175G,Green,QHI,,CHHE,,,,3.7835,,,,Summer,1.9244,Yes,3.784,1.9244,0.49
176R,Rooibos,QHI,,CHHE,,,,2.6442,,,,Summer,2.2474,Yes,2.644,2.2474,0.15
176G,Green,QHI,,CHHE,,,,3.2602,,,,Summer,2.4004,Yes,3.260,2.4004,0.26
177R,Rooibos,QHI,,CHHE,,,,2.6822,,,,Summer,2.2712,Yes,2.682,2.2712,0.15
177G,Green,QHI,,CHHE,,,,3.2171,,,,Summer,1.949,Yes,3.217,1.949,0.39
178R,Rooibos,QHI,,CHHE,,,,2.6471,,,,Summer,2.3541,Yes,2.647,2.3541,0.11
178G,Green,QHI,,CHHE,,,,3.5067,,,,Summer,2.3541,Yes,3.507,2.3541,0.33
179R,Rooibos,QHI,,CHHE,,,,2.7183,,,,Summer,2.4485,Yes,2.718,2.4485,0.10
179G,Green,QHI,,CHHE,,,,3.4608,,,,Summer,2.2041,Yes,3.461,2.2041,0.36
180R,Rooibos,QHI,,CHHE,,,,2.6633,,,,Summer,2.3182,Yes,2.663,2.3182,0.13
180G,Green,QHI,,CHHE,,,,3.4407,,,,Summer,N/A,Yes,3.441,#VALUE!,#VALUE!
181R,Rooibos,QHI,,CHHE,,,,2.613,,,,Summer,2.3685,Yes,2.613,2.3685,0.09
181G,Green,QHI,,CHHE,,,,3.1197,,,,Summer,1.9075,Yes,3.120,1.9075,0.39
182R,Rooibos,QHI,,CHHE,,,,2.713,,,,Summer,2.4035,Yes,2.713,2.4035,0.11
182G,Green,QHI,,CHHE,,,,3.0778,,,,Summer,2.1709,Yes,3.078,2.1709,0.29
183R,Rooibos,QHI,,CHHE,,,,2.6584,,,,Summer,2.3101,Yes,2.658,2.3101,0.13
183G,Green,QHI,,CHHE,,,,3.1614,,,,Summer,1.8735,Yes,3.161,1.8735,0.41
184R,Rooibos,QHI,,CHHE,,,,2.7351,,,,Summer,2.3227,Yes,2.735,2.3227,0.15
184G,Green,QHI,,CHHE,,,,3.4187,,,,Summer,2.1005,Yes,3.419,2.1005,0.39
185R,Rooibos,QHI,,CHHE,,,,2.6937,,,,Summer,2.3427,Yes,2.694,2.3427,0.13
185G,Green,QHI,,CHHE,,,,3.2246,,,,Summer,2.0392,Yes,3.225,2.0392,0.37
186R,Rooibos,QHI,,CHHE,,,,2.6315,,,,Summer,2.2691,Yes,2.632,2.2691,0.14
186G,Green,QHI,,CHHE,,,,3.0276,,,,Summer,2.037,Yes,3.028,2.037,0.33
187R,Rooibos,QHI,,CHHE,,,,2.7059,,,,Summer,2.2928,Yes,2.706,2.2928,0.15
187G,Green,QHI,,CHHE,,,,3.1492,,,,Summer,2.0871,Yes,3.149,2.0871,0.34
188R,Rooibos,QHI,,CHHE,,,,2.7146,,,,Summer,2.3986,Yes,2.715,2.3986,0.12
188G,Green,QHI,,CHHE,,,,3.1308,,,,Summer,2.2569,Yes,3.131,2.2569,0.28
189R,Rooibos,QHI,,CHHE,,,,2.8096,,,,Summer,2.4784,Yes,2.810,2.4784,0.12
189G,Green,QHI,,CHHE,,,,3.3098,,,,Summer,2.1392,Yes,3.310,2.1392,0.35
190R,Rooibos,QHI,,CHHE,,,,2.7072,,,,Summer,2.2979,Yes,2.707,2.2979,0.15
190G,Green,QHI,,CHHE,,,,3.2229,,,,Summer,1.9627,Yes,3.223,1.9627,0.39
191R,Rooibos,QHI,,CHHE,,,,2.7653,,,,Summer,2.3585,Yes,2.765,2.3585,0.15
191G,Green,QHI,,CHHE,,,,3.3988,,,,Summer,2.0968,Yes,3.399,2.0968,0.38
192R,Rooibos,QHI,,CHHE,,,,2.6288,,,,Summer,2.3108,Yes,2.629,2.3108,0.12
192G,Green,QHI,,CHHE,,,,3.2336,,,,Summer,2.2791,Yes,3.234,2.2791,0.30
193R,Rooibos,QHI,,DRY CONTROL,,,,2.6707,,,,Summer,2.4999,Yes,2.671,2.4999,0.06
193G,Green,QHI,,DRY CONTROL,,,,3.7119,,,,Summer,3.5608,Yes,3.712,3.5608,0.04
194R,Rooibos,QHI,,DRY CONTROL,,,,2.7691,,,,Summer,2.5934,Yes,2.769,2.5934,0.06
194G,Green,QHI,,DRY CONTROL,,,,3.9184,,,,Summer,3.7644,Yes,3.918,3.7644,0.04
195R,Rooibos,QHI,,?,,,,2.6253,,,,Summer,,Yes,2.625,,
195G,Green,QHI,,?,,,,3.3012,,,,Summer,,Yes,3.301,,
196R,Rooibos,QHI,,?,,,,2.6305,,,,Summer,,Yes,2.631,,
196G,Green,QHI,,?,,,,2.9852,,,,Summer,,Yes,2.985,,